<?xml version="1.0" encoding="UTF-8" standalone="yes"?>
<addon id="repository.uscclarkey" name="Uscclarkey" version="1.0" provider-name="Uscclarkey">
	<extension point="xbmc.addon.repository" name="Uscclarkey">
		<info compressed="false">https://github.com/clarkey666/Uscclarkey/raw/master/addons.xml</info>
		<checksum>https://github.com/clarkey666/Uscclarkey/raw/master/addons.xml.md5</checksum>
		<datadir zip="true">https://github.com/clarkey666/Uscclarkey/raw/master/zips</datadir>
	</extension>
	<extension point="xbmc.addon.metadata">
		<summary>Install MY Addons</summary>
		<description>Download and install all the best addons from uscclarkey.......</description>
		<platform>all</platform>
	</extension>
</addon>

